headline,pub_date,url,word_count,news_desk,source
"With Inflation, Workers Are Facing Return-to-Office Sticker Shock",2022-04-20T09:00:37+0000,https://www.nytimes.com/2022/04/20/business/return-to-office-inflation-covid.html,1234,Business,The New York Times
An Olympic Champion Hopes Runners Learn From His Head Injuries,2022-12-17T10:00:09+0000,https://www.nytimes.com/2022/12/17/sports/running-hurdling-head-injuries.html,773,Sports,The New York Times
Your Next Necklace May Have Gold From an Old Phone,2022-08-29T09:02:08+0000,https://www.nytimes.com/2022/08/29/fashion/jewelry-electronic-mining-recycling.html,1091,SpecialSections,International New York Times
The Breakout Stars of 2022,2022-12-16T10:00:25+0000,https://www.nytimes.com/2022/12/16/arts/breakout-stars-2022-music-tv-movies.html,1312,Culture,The New York Times
"Biden Issues Executive Order on Abortion Access, Calling for More Study",2022-08-03T11:16:17+0000,https://www.nytimes.com/2022/08/03/us/politics/biden-abortion-executive-order.html,787,Washington,The New York Times
Does American Society Need Abortion?,2022-12-14T10:00:48+0000,https://www.nytimes.com/2022/12/14/opinion/abortion-america.html,2166,OpEd,The New York Times
"Cannes 2022: ‘Elvis,’ as Remixed by Baz Luhrmann",2022-05-26T00:25:57+0000,https://www.nytimes.com/2022/05/25/movies/cannes-2022-elvis-as-remixed-by-baz-luhrmann.html,861,Culture,The New York Times
How to Fight Polio With Cultural Sensitivity,2022-08-17T09:00:08+0000,https://www.nytimes.com/2022/08/17/opinion/polio-vaccine-orthodox-jewish-religion.html,1307,Editorial,The New York Times
"As Primaries Wind Down, Here’s a Look at the Performance of Trump’s Candidates",2022-09-06T17:00:05+0000,https://www.nytimes.com/2022/09/06/us/politics/as-primaries-wind-down-heres-a-look-at-the-performance-of-trumps-candidates.html,1227,Politics,The New York Times
‘It’s Never Our Time’: First-Time Home Buyers Face a Brutal Market,2022-11-11T13:38:07+0000,https://www.nytimes.com/2022/11/11/realestate/first-time-buyers-housing-market.html,1893,RealEstate,The New York Times
‘The Little Mermaid’ and ‘Iron Man’ Join National Film Registry,2022-12-14T10:00:14+0000,https://www.nytimes.com/2022/12/14/movies/the-little-mermaid-iron-man-national-film-registry.html,783,Weekend,The New York Times
How the Pelosi Attack Suspect Plunged Into Online Hatred,2022-11-20T10:00:10+0000,https://www.nytimes.com/2022/11/20/us/pelosi-attack-suspect-david-depape.html,1826,National,The New York Times
"Giorgia Meloni May Lead Italy, and Europe Is Worried",2022-09-15T09:00:34+0000,https://www.nytimes.com/2022/09/15/world/europe/giorgia-meloni-italy-right.html,1586,Foreign,The New York Times
"A Year Later, Jan. 6 Becomes Just Another Wedge in a Divided Nation",2022-01-06T08:00:15+0000,https://www.nytimes.com/2022/01/06/us/politics/jan-6-capitol-riot-aftermath.html,1976,Washington,The New York Times
"Marion Joseph, Citizen Warrior on Reading Instruction, Dies at 95",2022-04-08T19:57:43+0000,https://www.nytimes.com/2022/04/08/us/marion-joseph-dead.html,1001,Obits,The New York Times
Transcript: Ezra Klein Interviews Michael Brendan Dougherty,2022-12-02T15:13:15+0000,https://www.nytimes.com/2022/12/02/podcasts/transcript-ezra-klein-interviews-michael-brendan-dougherty.html,10585,OpEd,The New York Times
‘The Story of Film: A New Generation’ Review: The Case for Modern Movies,2022-09-08T11:00:05+0000,https://www.nytimes.com/2022/09/08/movies/the-story-of-film-a-new-generation-review.html,318,Weekend,The New York Times
Something Special,2022-05-08T22:00:05+0000,https://www.nytimes.com/2022/05/08/crosswords/daily-puzzle-2022-05-09.html,1041,Games,The New York Times
Andy Garcia Is the Father of the Bride in More Ways Than One,2022-06-17T14:00:09+0000,https://www.nytimes.com/2022/06/17/movies/andy-garcia-father-of-the-bride.html,1489,Culture,The New York Times
"The pandemic brought seismic changes, and inspired remarkable resilience.",2022-01-03T11:03:40+0000,https://www.nytimes.com/2022/01/03/world/the-pandemic-brought-seismic-changes-and-inspired-remarkable-resilience.html,311,Metro,The New York Times
The Great Pandemic Theft,2022-09-27T10:04:46+0000,https://www.nytimes.com/2022/09/27/podcasts/the-daily/pandemic-fraud.html,363,Podcasts,The New York Times
How Indigenous Athletes Are Reclaiming Lacrosse,2022-07-27T10:45:13+0000,https://www.nytimes.com/2022/07/27/sports/indigenous-athletes-lacrosse.html,1628,Sports,The New York Times
How effective are Covid antivirals?,2022-03-25T13:37:31+0000,https://www.nytimes.com/2022/03/21/well/how-effective-are-covid-antivirals.html,154,Well,The New York Times
Guardians Walk Off With Huge Win Over the Yankees at Home,2022-10-16T03:30:58+0000,https://www.nytimes.com/2022/10/15/sports/baseball/yankees-guardians-alds-game-3.html,1095,Sports,The New York Times
Unpredictable Maryland Governor’s Race Pits Old Guard vs. Upstarts,2022-07-16T14:13:30+0000,https://www.nytimes.com/2022/07/16/us/politics/maryland-primary-tom-perez-wes-moore.html,1694,Politics,The New York Times
Four People Fatally Stabbed in London,2022-04-25T09:08:41+0000,https://www.nytimes.com/2022/04/25/world/europe/london-stabbing-deaths.html,211,Express,The New York Times
"As fighting intensifies in Ukraine’s east, a frontline town is cut off from the world.",2022-09-20T21:12:35+0000,https://www.nytimes.com/2022/09/20/world/europe/siversk-ukraine-russia.html,424,Foreign,The New York Times
The Comedian-Turned-President Is Seriously in Over His Head,2022-02-21T06:00:05+0000,https://www.nytimes.com/2022/02/21/opinion/ukraine-russia-zelensky-putin.html,1141,OpEd,The New York Times
Marjorie Taylor Greene Denies ‘Insurrectionist’ Charge in Court,2022-04-22T19:15:21+0000,https://www.nytimes.com/2022/04/22/us/politics/marjorie-taylor-greene-jan-6-insurrectionist.html,1316,Washington,The New York Times
"Withholding College Transcripts for Loan Payment Is ‘Abusive,’ Agency Says",2022-09-30T20:26:42+0000,https://www.nytimes.com/2022/09/30/business/college-transcripts-student-loans.html,653,Business,The New York Times
Breaking the Fast for Yom Kippur,2022-10-05T15:00:02+0000,https://www.nytimes.com/2022/10/05/dining/breaking-the-fast-for-yom-kippur.html,543,Dining,The New York Times
Why Free Covid Tests Went Viral,2022-01-20T18:12:23+0000,https://www.nytimes.com/2022/01/20/technology/free-covid-tests.html,1147,Business,The New York Times
Republicans Sharpen Their Message on Ukraine,2022-03-05T00:00:48+0000,https://www.nytimes.com/2022/03/04/us/politics/republicans-ukraine-putin.html,1489,Politics,The New York Times
Senate Advances Expansive Industrial Policy Bill to Counter China,2022-07-26T16:08:43+0000,https://www.nytimes.com/2022/07/26/us/politics/senate-industrial-policy-bill.html,1166,Washington,The New York Times
"Ahead of His Masters Return, Tiger Woods Starts to Get Serious",2022-04-07T09:00:17+0000,https://www.nytimes.com/2022/04/07/sports/golf/tiger-woods-masters.html,380,Sports,The New York Times
Blinken to Visit China in Early 2023 After Biden and Xi’s Meeting,2022-11-14T18:48:16+0000,https://www.nytimes.com/2022/11/14/us/politics/blinken-china-2023.html,560,Washington,The New York Times
"Xi, Putin and Trump: The Strongmen Follies",2022-03-22T23:38:28+0000,https://www.nytimes.com/2022/03/22/opinion/xi-putin-trump.html,1544,OpEd,The New York Times
"Democrats Plan to Fast-Track Voting Rights Bill, Speeding a Showdown",2022-01-12T21:33:59+0000,https://www.nytimes.com/2022/01/12/us/politics/democrats-voting-rights-bill.html,1125,Washington,The New York Times
Are We Ready for Putin’s Cyber War? I Asked One of Biden’s Top Cybersecurity Officials.,2022-03-10T10:00:06+0000,https://www.nytimes.com/2022/03/10/opinion/sway-kara-swisher-anne-neuberger.html,333,OpEd,The New York Times
Palestinian Outrage After U.S. Says Journalist Was Killed by Accident,2022-07-05T19:56:49+0000,https://www.nytimes.com/2022/07/05/world/middleeast/shireen-abu-akleh-west-bank.html,1290,Foreign,The New York Times
"In Algeria, Macron Seeks to Reshape a Traumatic Relationship With France",2022-08-29T07:00:15+0000,https://www.nytimes.com/2022/08/29/world/africa/algeria-france-emmanuel-macron.html,1355,Foreign,The New York Times
The Anticlimax of the Jan. 6 Hearings,2022-06-08T10:48:35+0000,https://www.nytimes.com/2022/06/08/opinion/january-6-hearings.html,1491,OpEd,The New York Times
‘The Exorcism of God’ Review: Devilishly Demeaning,2022-03-10T12:00:06+0000,https://www.nytimes.com/2022/03/10/movies/the-exorcism-of-god-review.html,313,Weekend,The New York Times
"50 Years Later, Some Question Value of U.S.-China ‘Panda Diplomacy’",2022-02-13T14:49:39+0000,https://www.nytimes.com/2022/02/13/world/asia/us-china-panda-diplomacy.html,895,Express,The New York Times
How ‘Stop the Steal’ Captured the American Right,2022-07-19T09:00:35+0000,https://www.nytimes.com/2022/07/19/magazine/stop-the-steal.html,10077,Magazine,The New York Times
Portugal Could Hold an Answer for a Europe Captive to Russian Gas,2022-09-01T09:01:10+0000,https://www.nytimes.com/2022/09/01/business/economy/portugal-russia-natural-gas.html,1426,Business,The New York Times
Your Friday Evening Briefing,2022-12-16T22:52:38+0000,https://www.nytimes.com/2022/12/16/briefing/flu-cold-season-russia-ukraine-strikes.html,1351,NYTNow,The New York Times
U.S. Adds ‘Kamikaze Drones’ as More Weapons Flow to Ukraine,2022-03-17T01:40:37+0000,https://www.nytimes.com/2022/03/16/us/politics/us-ukraine-weapons-drones.html,808,Washington,The New York Times
Is Slang as Swell as It Used to Be? Yas!,2022-03-22T21:50:49+0000,https://www.nytimes.com/2022/03/22/opinion/swell-slang.html,1129,OpEd,The New York Times
"2 Teenagers Shot Outside Home of Lee Zeldin, Candidate for New York Governor",2022-10-10T01:00:14+0000,https://www.nytimes.com/2022/10/09/nyregion/lee-zeldin-shooting-long-island-home.html,619,Metro,The New York Times
‘Asking for It’ Review: A Few Rude Men,2022-03-03T12:00:04+0000,https://www.nytimes.com/2022/03/03/movies/asking-for-it-review.html,308,Weekend,The New York Times
Ex-New York Lt. Gov. Previews Bribery Defense: ‘No Personal Benefits’,2022-04-18T22:09:13+0000,https://www.nytimes.com/2022/04/18/nyregion/brian-benjamin-charges.html,691,Metro,The New York Times
Sarah Palin Knows How to Get Attention. Can She Actually Win?,2022-04-04T23:00:07+0000,https://www.nytimes.com/2022/04/04/us/politics/sarah-palin-trump-endorsement.html,1397,Politics,The New York Times
Democrats Hold Onto Contested State Legislative Chambers,2022-11-10T00:24:47+0000,https://www.nytimes.com/2022/11/09/us/politics/state-legislatures-election.html,518,National,The New York Times
Florida Restricts Doctors From Providing Gender Treatments to Minors,2022-11-04T20:04:31+0000,https://www.nytimes.com/2022/11/04/health/florida-gender-care-minors-medical-board.html,1804,Science,The New York Times
‘Bones and All’ Review: You Eat What You Are,2022-11-17T12:00:06+0000,https://www.nytimes.com/2022/11/17/movies/bones-and-all-review.html,710,Weekend,The New York Times
What Dominated the World Economic Forum,2022-05-27T12:53:59+0000,https://www.nytimes.com/2022/05/27/business/dealbook/davos-world-economic-forum-crypto-promotions.html,1729,Business,The New York Times
Your Thursday Briefing,2022-06-02T04:15:11+0000,https://www.nytimes.com/2022/06/02/briefing/ukraine-deaths-sievierodonetsk-europe.html,1121,NYTNow,The New York Times
Sweden’s NATO Bid Gets Tangled Up in a Domestic Political Dispute,2022-06-07T16:37:25+0000,https://www.nytimes.com/2022/06/07/world/europe/sweden-turkey-nato-russia-ukraine.html,731,Foreign,The New York Times
How ‘The Crown’ Casts Its Royals,2022-11-16T15:00:06+0000,https://www.nytimes.com/2022/11/16/arts/television/the-crown-new-cast-netflix.html,1213,Culture,The New York Times
What Amazon Prime’s Deal With Grubhub Means for Consumers,2022-07-06T21:47:56+0000,https://www.nytimes.com/2022/07/06/dining/amazon-prime-grubhub-plus-deal.html,305,Dining,The New York Times
"Four-Ingredient Peanut Butter Ice Cream, Without a Machine",2022-06-17T18:23:05+0000,https://www.nytimes.com/2022/06/17/dining/easy-vegan-peanut-butter-ice-cream.html,424,Dining,The New York Times
"New York City Denied Dozens of Men Shelter Beds, Legal Aid Says",2022-09-13T23:41:41+0000,https://www.nytimes.com/2022/09/13/nyregion/homeless-denied-shelter-beds-nyc.html,598,Metro,The New York Times
"Here’s your Fourth of July forecast, America.",2022-07-01T14:33:15+0000,https://www.nytimes.com/2022/07/01/us/fourth-of-july-forecast-weather.html,606,National,The New York Times
The Art of the MAGA Makeover,2022-02-24T00:20:05+0000,https://www.nytimes.com/2022/02/23/us/politics/david-mccormick-maga-gop.html,1594,Politics,The New York Times
The Work in My Building Is Endless and Invasive. Can I Withhold Rent?,2022-01-01T10:00:07+0000,https://www.nytimes.com/2022/01/01/realestate/building-work-withhold-rent.html,466,RealEstate,The New York Times
2 Charged in Mid-Sermon Robbery of Bejeweled Brooklyn Bishop,2022-09-28T16:52:11+0000,https://www.nytimes.com/2022/09/28/nyregion/bishop-lamor-whitehead-arrests.html,836,Metro,The New York Times
The Spanish Beach Town That Keeps Calling You Back,2022-09-06T09:00:28+0000,https://www.nytimes.com/2022/09/06/travel/sitges-spain.html,1926,Travel,The New York Times
Quotation of the Day: Political Satirist Stewart Wins the Twain Prize for Humor,2022-04-26T02:00:50+0000,https://www.nytimes.com/2022/04/25/todayspaper/quotation-of-the-day-political-satirist-stewart-wins-the-twain-prize-for-humor.html,41,Summary,The New York Times
"At Karaoke and as a Couple, Always in Unison",2022-08-26T04:00:07+0000,https://www.nytimes.com/2022/08/26/style/zohar-fuller-maryse-pearce-wedding.html,753,Styles,The New York Times
Guantánamo Judge Weighing Hearsay Statements in U.S.S. Cole Bombing Case,2022-10-29T13:47:46+0000,https://www.nytimes.com/2022/10/29/us/politics/uss-cole-bombing-case.html,1046,Washington,The New York Times
Scoring in the Shadow of the Super Bowl,2022-02-14T14:24:04+0000,https://www.nytimes.com/2022/02/14/style/altuzarra-sergio-hudson-nyfw.html,766,Styles,The New York Times
‘A Crisis Coming’: The Twin Threats to American Democracy,2022-09-17T12:10:12+0000,https://www.nytimes.com/2022/09/17/us/american-democracy-threats.html,5306,National,The New York Times
Why Russia Hasn’t Defeated Ukraine,2022-03-03T11:00:08+0000,https://www.nytimes.com/2022/03/03/podcasts/the-daily/ukraine-russia-war-military-strategy.html,313,Podcasts,The New York Times
"Oklahoma: How to vote, where to vote and what’s on the ballot.",2022-06-28T13:40:06+0000,https://www.nytimes.com/2022/06/28/us/politics/oklahoma-how-to-vote.html,175,Politics,The New York Times
"Russia Asked China for Military and Economic Aid for Ukraine War, U.S. Officials Say",2022-03-13T19:52:09+0000,https://www.nytimes.com/2022/03/13/us/politics/russia-china-ukraine.html,1727,Washington,The New York Times
China’s Struggle With Covid Is Just Beginning,2022-12-04T10:00:12+0000,https://www.nytimes.com/2022/12/04/opinion/china-covid.html,1106,OpEd,The New York Times
A Lesson in California’s Top-Two Primary System,2022-05-24T12:42:32+0000,https://www.nytimes.com/2022/05/24/us/california-primary.html,1200,National,The New York Times
The Figures Kafka Drew,2022-05-26T09:00:15+0000,https://www.nytimes.com/2022/05/26/books/review/kafka-drawings-andreas-kilcher.html,306,BookReview,The New York Times
Death Changed My Life,2022-01-23T20:00:08+0000,https://www.nytimes.com/2022/01/23/opinion/life-changes-death.html,908,OpEd,The New York Times
"Confronting Grief, With Margaret Atwood, in ‘The Nurse Antigone’",2022-03-16T19:21:18+0000,https://www.nytimes.com/2022/03/16/theater/antigone-margaret-atwood.html,1176,Culture,The New York Times
Your Monday Briefing: Xi Jinping Consolidates Power,2022-10-23T20:53:45+0000,https://www.nytimes.com/2022/10/23/briefing/xi-communist-china-asia-johnson.html,1246,NYTNow,The New York Times
A Poll Reversal,2022-11-04T10:43:24+0000,https://www.nytimes.com/2022/11/04/briefing/republican-polls-midterms.html,1499,NYTNow,The New York Times
"Patient and Confident, Putin Shifts Out of Wartime Crisis Mode",2022-06-30T04:01:09+0000,https://www.nytimes.com/2022/06/30/world/europe/putin-russia-nato-ukraine.html,1472,Foreign,The New York Times
Adams Shows Support for Man Charged in Bodega Killing That Caused Outcry,2022-07-08T23:24:11+0000,https://www.nytimes.com/2022/07/08/nyregion/bodega-stabbing-jose-alba.html,1316,Metro,The New York Times
George Santos and How Opposition Research Really Works,2022-12-22T10:00:15+0000,https://www.nytimes.com/2022/12/22/opinion/george-santos-oppo-research-dccc.html,1263,OpEd,The New York Times
"Behind the fight between Ben & Jerry’s and its owner, Unilever.",2022-07-07T13:41:21+0000,https://www.nytimes.com/2022/07/07/business/ben-jerry-unilever-israel.html,350,Business,The New York Times
The War in Ukraine Puts America’s Problems in Perspective,2022-03-08T20:56:04+0000,https://www.nytimes.com/2022/03/08/opinion/russia-ukraine-america.html,1251,OpEd,The New York Times
Penguin Random House C.E.O. Steps Down,2022-12-09T13:37:29+0000,https://www.nytimes.com/2022/12/09/books/markus-dohle-penguin-random-house-ceo.html,915,Books,The New York Times
"Once a Foreign Policy Partner, Congress Struggles for Unity on Ukraine",2022-02-22T22:45:22+0000,https://www.nytimes.com/2022/02/22/us/politics/congress-ukraine-russia.html,1352,Washington,The New York Times
"With Detailed Evidence and a Call for Accountability, Jan. 6 Panel Seeks a Legacy",2022-12-23T23:40:28+0000,https://www.nytimes.com/2022/12/23/us/politics/jan-6-committee-report-legacy.html,1506,Washington,The New York Times
"Deep in Vatican Archives, Scholar Discovers ‘Flabbergasting’ Secrets",2022-05-27T14:00:14+0000,https://www.nytimes.com/2022/05/27/world/europe/vatican-history-secrets-david-kertzer.html,1467,Foreign,The New York Times
"With Tensions Mounting, Biden and Xi Try a Warmer Tone",2022-11-14T20:34:42+0000,https://www.nytimes.com/2022/11/14/world/asia/biden-xi-bali-g20.html,1586,Foreign,The New York Times
Texas Lawmaker Warns Citigroup Against Paying for Out-of-State Abortions,2022-03-19T01:32:30+0000,https://www.nytimes.com/2022/03/18/business/citigroup-abortion-texas-warning.html,227,Business,The New York Times
She Wrote a Dystopian Novel. What Happened Next Was Pretty Dystopian.,2022-06-12T15:00:07+0000,https://www.nytimes.com/2022/06/12/opinion/sandra-newman-men.html,969,OpEd,The New York Times
Nobody Makes Films Like Alex Garland. But He Might Stop Making Them.,2022-05-16T09:00:14+0000,https://www.nytimes.com/2022/05/16/movies/alex-garland-men.html,1615,Culture,The New York Times
"For Novice Cooks, Gavin Kaysen’s ‘At Home’ Is a Good Place to Start",2022-11-28T19:47:13+0000,https://www.nytimes.com/2022/11/28/dining/for-novice-cooks-gavin-kaysens-at-home-is-a-good-place-to-start.html,706,Dining,The New York Times
When Black Girls Dare to Dream,2022-12-07T15:00:09+0000,https://www.nytimes.com/2022/12/07/special-series/nigeria-television-movies-mo-abudu.html,1167,SpecialSections,The New York Times
The Art of Disappearance,2022-08-11T09:00:16+0000,https://www.nytimes.com/2022/08/11/magazine/connie-converse-disappearance.html,3555,Magazine,The New York Times
"A ‘Cruiser’ Sets Sail, Despite Covid",2022-04-26T09:00:19+0000,https://www.nytimes.com/2022/04/26/opinion/a-cruiser-sets-sail-despite-covid.html,287,OpEd,The New York Times
Man Charged With Murder in Deadly California Church Shooting,2022-05-15T21:53:07+0000,https://www.nytimes.com/2022/05/15/us/california-church-shooting-laguna-woods.html,604,Express,The New York Times
This Is Why Peter Meijer Lost?,2022-08-04T16:18:50+0000,https://www.nytimes.com/2022/08/04/opinion/peter-meijer-trump.html,975,OpEd,The New York Times
‘Samaritan’ Review: Taking Out the Trash,2022-08-25T19:00:02+0000,https://www.nytimes.com/2022/08/25/movies/samaritan-review-taking-out-the-trash.html,302,Weekend,The New York Times
"Wet Leg, the Indie-Rock Duo, Blew Up Fast. They Know It’s Weird.",2022-03-27T18:00:50+0000,https://www.nytimes.com/2022/03/27/arts/music/wet-leg.html,1500,Culture,The New York Times
‘Indescribable’: Somalis Recount Horror of Blasts That Killed at Least 100,2022-10-30T10:38:13+0000,https://www.nytimes.com/2022/10/30/world/africa/somalia-shabab-terrorist-attack.html,978,Foreign,The New York Times
Mayor Eric Adams Is Stuck on Ideas From 1994 for Crime in 2022,2022-04-29T16:00:12+0000,https://www.nytimes.com/2022/04/29/opinion/eric-adams-new-york-crime.html,1171,Editorial,The New York Times
‘Three Minutes: A Lengthening’ Review: A Ghost Story,2022-08-18T11:00:04+0000,https://www.nytimes.com/2022/08/18/movies/three-minutes-a-lengthening-review.html,333,Weekend,The New York Times
"‘Major Trustee, Please Prioritize’: How NYU’s E.R. Favors the Rich",2022-12-22T10:00:38+0000,https://www.nytimes.com/2022/12/22/health/nyu-langone-emergency-room-vip.html,3758,Science,The New York Times
"Panic, Bribes, Ditched Cars and a Dash on Foot: Portraits of Flight From Russia",2022-10-01T04:01:13+0000,https://www.nytimes.com/2022/10/01/world/europe/escape-from-russia.html,1488,Foreign,The New York Times
Your Wednesday Evening Briefing,2022-06-01T22:20:51+0000,https://www.nytimes.com/2022/06/01/briefing/nukes-depp-heard-anticipation.html,1370,NYTNow,The New York Times
A diverse field of candidates make history in the midterms.,2022-11-09T15:06:49+0000,https://www.nytimes.com/2022/11/09/us/politics/diverse-candidates-midterms.html,617,Politics,The New York Times
"To tackle inequality, Macron plans a ‘purchasing power package.’",2022-04-25T12:23:22+0000,https://www.nytimes.com/2022/04/25/world/europe/to-tackle-inequality-macron-plans-a-purchasing-power-package.html,632,Business,The New York Times
Can It Get Any Worse for Rudy Giuliani?,2022-06-30T09:00:13+0000,https://www.nytimes.com/2022/06/30/nyregion/rudy-giuliani.html,792,Metropolitan,The New York Times
"Running Against Hochul, Lee Zeldin Finds Another Target: Alvin Bragg",2022-10-27T09:52:20+0000,https://www.nytimes.com/2022/10/27/nyregion/lee-zeldin-alvin-bragg.html,1444,Metro,The New York Times
The Arms Race,2022-07-12T20:40:08+0000,https://www.nytimes.com/2022/07/12/briefing/russia-ukraine-war-weapons.html,1229,NYTNow,The New York Times
The Rise of the Single-Family Home,2022-10-11T09:54:46+0000,https://www.nytimes.com/2022/10/11/podcasts/the-daily/californian-housing-single-family-homes.html,309,Podcasts,The New York Times
Fry Up Some Crab Cakes,2022-05-11T15:00:04+0000,https://www.nytimes.com/2022/05/11/dining/fry-up-some-crab-cakes.html,523,Dining,The New York Times
Thomas Piketty’s Radical Plan to Redistribute Wealth,2022-04-19T19:00:03+0000,https://www.nytimes.com/2022/04/19/books/review/a-brief-history-of-equality-thomas-piketty.html,945,BookReview,The New York Times
"Far From Defeated, Putin Intends to Escalate War in Ukraine",2022-04-11T22:30:48+0000,https://www.nytimes.com/2022/04/11/world/europe/ukraine-russia-war-putin.html,1554,Foreign,The New York Times
Can A.I. All but End Car Crashes? The Potential Is There.,2022-04-19T09:00:17+0000,https://www.nytimes.com/2022/04/19/technology/ai-road-car-safety.html,1418,SpecialSections,The New York Times
‘We Are Taiwanese’: China’s Growing Menace Hardens Island’s Identity,2022-01-19T08:00:09+0000,https://www.nytimes.com/2022/01/19/world/asia/taiwan-china-identity.html,1626,Foreign,The New York Times
Why Did the Chicken Cross the Barn? To Sign Up for the Scientific Study.,2022-11-22T08:00:20+0000,https://www.nytimes.com/2022/11/22/health/farm-sanctuary-animal-welfare.html,2474,Science,The New York Times
"Russia Tried to Isolate Itself, but Financial Ties Called Its Bluff",2022-03-03T17:43:19+0000,https://www.nytimes.com/2022/03/03/business/economy/russia-sanctions-global-economy.html,1105,Business,The New York Times
"Mired in a Losing Streak, the Angels Fire Joe Maddon",2022-06-07T21:01:51+0000,https://www.nytimes.com/2022/06/07/sports/baseball/joe-maddon-fired-angels.html,1156,Sports,The New York Times
Fitbit recalls more than one million smart watches over a burn risk.,2022-03-02T12:00:06+0000,https://www.nytimes.com/2022/03/02/business/fitbit-ionic-watch-recall.html,243,Business,The New York Times
Elizabeth Alexander on ‘The Trayvon Generation’,2022-04-15T19:58:58+0000,https://www.nytimes.com/2022/04/15/books/review/podcast-trayvon-generation-elizabeth-alexander-keats-lucasta-miller.html,318,Books,The New York Times
What Can We Learn From Celebrity Couples of Yore?,2022-04-07T09:00:08+0000,https://www.nytimes.com/2022/04/07/books/review/truly-madly-stephen-galloway.html,444,BookReview,The New York Times
Liquor stores prepare for battle as New York revisits to-go drinks from the early pandemic days.,2022-01-31T10:03:40+0000,https://www.nytimes.com/2022/01/31/world/liquor-stores-prepare-for-battle-as-new-york-revisits-to-go-drinks-from-the-early-pandemic-days.html,378,Foreign,The New York Times
"Donald Pippin, Conductor on Broadway and Beyond, Dies at 95",2022-06-17T19:05:07+0000,https://www.nytimes.com/2022/06/17/arts/music/donald-pippin-done.html,1254,Obits,The New York Times
6 Audiobooks to Listen to Now,2022-05-20T09:00:22+0000,https://www.nytimes.com/2022/05/20/books/review/6-audiobooks-to-listen-to-now.html,907,BookReview,The New York Times
"Quotation of the Day: Riders Flowing to the Subway, or Trickling In",2022-01-19T03:02:33+0000,https://www.nytimes.com/2022/01/18/todayspaper/quotation-of-the-day-riders-flowing-to-the-subway-or-trickling-in.html,42,Summary,The New York Times
Three Huge Supreme Court Cases That Could Change America,2022-10-03T23:00:05+0000,https://www.nytimes.com/2022/10/03/us/politics/supreme-court-conservative-politics.html,1583,Politics,The New York Times
Fetterman’s Debate Showing Raises Democratic Anxieties in Senate Battle,2022-10-26T19:03:29+0000,https://www.nytimes.com/2022/10/26/us/politics/fetterman-debate-pennsylvania-democrats.html,1611,Politics,The New York Times
A Host of Tech Companies Announce Hiring Freezes and Job Cuts,2022-11-03T17:37:19+0000,https://www.nytimes.com/2022/11/03/technology/tech-companies-hiring-freeze-job-cuts.html,743,Business,The New York Times
How Maori Stepped In to Save a Towering Tree Crucial to Their Identity,2022-03-08T10:00:38+0000,https://www.nytimes.com/2022/03/08/world/australia/new-zealand-maori-tane-mahuta-kauri.html,1037,Foreign,The New York Times
"At 26, the Conductor Klaus Mäkelä’s Star Keeps Rising and Rising",2022-12-02T10:00:25+0000,https://www.nytimes.com/2022/12/02/arts/music/klaus-makela-conductor.html,2003,Arts&Leisure,The New York Times
"Blinken Speaks to Russia’s Foreign Minister, Seeking Deal for Griner and Whelan",2022-07-29T17:12:04+0000,https://www.nytimes.com/2022/07/29/world/europe/brittney-griner-russia-blinken.html,437,Foreign,The New York Times
How Do You Take Your Caffeine?,2022-01-03T20:27:13+0000,https://www.nytimes.com/2022/01/03/dining/explorer-cold-brew.html,200,Dining,The New York Times
Kansas State’s Ayoka Lee Sets Division I Women’s Single-Game Scoring Record,2022-01-24T01:44:15+0000,https://www.nytimes.com/2022/01/23/sports/ncaabasketball/ayoka-lee-womens-ncaa-basketball-scoring-record.html,535,Sports,The New York Times
‘Playground’ Review: A Creation Story,2022-02-10T19:13:24+0000,https://www.nytimes.com/2022/02/10/movies/playground-review.html,826,Weekend,The New York Times
Popular Pastor Returns After Absence Over an ‘Inappropriate’ Online Relationship,2022-12-05T00:03:51+0000,https://www.nytimes.com/2022/12/04/us/matt-chandler-village-church-dallas.html,917,National,The New York Times
Stopping wildfires before they start,2022-07-26T16:54:06+0000,https://www.nytimes.com/2022/07/26/climate/wildfires-brazil.html,1114,Climate,The New York Times
"I Followed the Lives of 3,290 Teenagers. This Is What I Learned About Religion and Education.",2022-03-15T09:00:14+0000,https://www.nytimes.com/2022/03/15/opinion/religion-school-success.html,1584,OpEd,The New York Times
‘The Picture Taker’ Review: Civil Rights Photographer and F.B.I. Informant,2022-10-13T11:00:08+0000,https://www.nytimes.com/2022/10/13/movies/the-picture-taker-review.html,300,Weekend,The New York Times
Supreme Court Sides With Biden’s Efforts to End ‘Remain in Mexico’ Program,2022-06-30T14:26:45+0000,https://www.nytimes.com/2022/06/30/us/politics/biden-remain-in-mexico-scotus.html,1537,Washington,The New York Times
"Satellite internet terminals, sent by Elon Musk, arrive in Ukraine.",2022-03-01T05:36:26+0000,https://www.nytimes.com/2022/02/28/world/europe/elon-musk-satellite-internet-ukraine.html,295,Foreign,The New York Times
"Uvalde Teacher Spoke With Husband, a Police Officer, Before She Died",2022-06-01T23:11:26+0000,https://www.nytimes.com/2022/06/01/us/uvalde-shooting.html,1292,National,The New York Times
In a Pinch,2022-11-30T03:00:05+0000,https://www.nytimes.com/2022/11/29/crosswords/daily-puzzle-2022-11-30.html,970,Games,The New York Times
California Students Have Dismally Low Math and Reading Test Scores,2022-10-25T12:45:10+0000,https://www.nytimes.com/2022/10/25/us/california-math-reading-naep-test-scores.html,1310,National,The New York Times
Stephen Colbert Goes Live After Thursday’s Jan. 6 Hearing,2022-07-22T05:32:00+0000,https://www.nytimes.com/2022/07/22/arts/television/stephen-colbert-jan-6-hearing-trump.html,461,Culture,The New York Times
"With Several Key Races Still Undecided, Here’s Where Results Stand",2022-11-11T14:49:47+0000,https://www.nytimes.com/2022/11/11/us/elections/uncalled-races-midterm-results.html,377,Politics,The New York Times
A Pop Star Becomes a Guru,2022-01-13T08:00:07+0000,https://www.nytimes.com/2022/01/13/style/alex-ebert-bad-guru.html,1346,Styles,The New York Times
Russians Are Terrified and Have Nowhere to Turn,2022-09-27T05:00:05+0000,https://www.nytimes.com/2022/09/27/opinion/russia-mobilization-putin-war.html,985,OpEd,The New York Times
How Talking to the Dead Dislodged Some of My Sorrow,2022-07-06T09:00:07+0000,https://www.nytimes.com/2022/07/06/magazine/talking-to-the-dead.html,979,Magazine,The New York Times
"Under Fire, New U.K. Leader Retreats on Economic Strategy",2022-10-14T22:00:40+0000,https://www.nytimes.com/2022/10/14/world/europe/liz-truss-kwarteng-fired.html,1284,Foreign,The New York Times
Breaking the Ice on a Cold First Date,2022-05-13T04:00:09+0000,https://www.nytimes.com/2022/05/13/style/pooja-chatterjee-sandeep-kumar-wedding.html,692,Styles,The New York Times
$4 Million Homes in California,2022-02-21T10:00:31+0000,https://www.nytimes.com/2022/02/21/realestate/home-prices-california.html,1279,RealEstate,The New York Times
How to Run the New York City Marathon,2022-11-06T18:16:02+0000,https://www.nytimes.com/article/how-to-run-nyc-marathon-qualify.html,996,Metro,The New York Times
"To Electrify the United States, We’re Going to Need a Lot More Electricity",2022-10-31T19:00:06+0000,https://www.nytimes.com/2022/10/31/opinion/energy-transition-electricity-us.html,1208,OpEd,The New York Times
Highest Mortgage Rates Since 2008 Housing Crisis Cool Sales,2022-06-29T09:00:43+0000,https://www.nytimes.com/2022/06/29/business/economy/mortgage-rates-housing-market.html,1188,Business,The New York Times
Spelling Bee Forum,2022-03-27T07:00:03+0000,https://www.nytimes.com/2022/03/27/crosswords/spelling-bee-forum.html,236,Games,The New York Times
Other U.K. Prime Ministers Didn’t Last Long in Office After Surviving No-Confidence Votes,2022-06-07T09:58:25+0000,https://www.nytimes.com/2022/06/07/world/europe/no-confidence-vote-theresa-may.html,332,Foreign,The New York Times
Word of the Day: mettlesome,2022-03-25T06:00:03+0000,https://www.nytimes.com/2022/03/25/learning/word-of-the-day-mettlesome.html,286,Learning,The New York Times
British Journalist and Indigenous Expert Are Missing in Amazon After Threats,2022-06-07T01:51:23+0000,https://www.nytimes.com/2022/06/06/world/americas/dom-phillips-bruno-araujo-pereira-missing-amazon.html,841,Foreign,The New York Times
Late Night Reacts to Nancy Pelosi’s Big Announcement,2022-11-18T07:37:07+0000,https://www.nytimes.com/2022/11/18/arts/television/late-night-fallon-colbert-nancy-pelosi.html,400,Culture,The New York Times
Mexican Prosecutors Seek to Extradite Suspect in Death of American Woman,2022-11-23T14:45:08+0000,https://www.nytimes.com/2022/11/23/us/fbi-cabo-mexico-shanquella-robinson.html,904,Express,The New York Times
Biden’s Pro-Labor Vision Goes Beyond America,2022-03-06T16:00:07+0000,https://www.nytimes.com/2022/03/06/opinion/biden-jobs-trade.html,1221,OpEd,The New York Times
The Battle Between Pocketbooks and Principles,2022-10-20T01:47:38+0000,https://www.nytimes.com/2022/10/19/opinion/economy-abortion-midterms.html,843,OpEd,The New York Times
Who Should Get a 4th Covid Shot?,2022-03-18T14:56:56+0000,https://www.nytimes.com/article/4th-covid-shot-2nd-booster.html,1141,Well,The New York Times
Reclaiming time lost to Covid,2022-03-11T22:47:47+0000,https://www.nytimes.com/2022/03/11/briefing/covid-time.html,1720,NYTNow,The New York Times
"Where the New Climate Law Means More Drilling, Not Less",2022-09-14T09:00:41+0000,https://www.nytimes.com/2022/09/14/climate/louisiana-gulf-drilling-fishing.html,1851,Climate,The New York Times
Australia’s Proposed Integrity Commission Would Work Mostly in Secret,2022-09-28T10:27:35+0000,https://www.nytimes.com/2022/09/28/world/australia/anti-corruption-commission-secrecy.html,946,Foreign,The New York Times
Kyrsten Sinema Brings Bad Tidings for Democrats in 2024,2022-12-14T10:00:20+0000,https://www.nytimes.com/2022/12/14/opinion/kyrsten-sinema-arizona.html,1148,OpEd,The New York Times
Spelling Bee Forum,2022-09-19T07:00:02+0000,https://www.nytimes.com/2022/09/19/crosswords/spelling-bee-forum.html,165,Games,The New York Times
Draft Opinion Overturning Roe Raises a Question: Are More Precedents Next?,2022-05-05T23:00:14+0000,https://www.nytimes.com/2022/05/05/us/14th-amendment-roe-wade.html,1412,Washington,The New York Times
Broadway’s ‘Music Man’ Revival Will End Run on Jan. 1,2022-09-13T13:07:26+0000,https://www.nytimes.com/2022/09/13/theater/music-man-broadway-closing.html,480,Culture,The New York Times
Ukraine makes its pitch to the world elite where Russia once held court.,2022-05-23T14:55:46+0000,https://www.nytimes.com/2022/05/23/world/europe/ukraine-russia-davos.html,1010,Foreign,The New York Times
The 9-to-5 Schedule Should Be the Next Pillar of Work to Fall,2022-03-17T09:00:25+0000,https://www.nytimes.com/2022/03/17/opinion/work-flexibility-hours.html,1063,OpEd,The New York Times
Your Thursday Briefing,2022-10-13T04:13:01+0000,https://www.nytimes.com/2022/10/13/briefing/ukraine-arms-weapons-truss-economics.html,1268,NYTNow,The New York Times
The Invention of the Index,2022-02-25T22:47:58+0000,https://www.nytimes.com/2022/02/25/books/review/the-invention-of-the-index.html,367,Books,The New York Times
Jan. 6 Panel Votes to Subpoena Trump as It Wraps Up Its Case,2022-10-13T15:34:26+0000,https://www.nytimes.com/2022/10/13/us/politics/jan-6-hearing-trump-subpoena.html,1548,Washington,The New York Times
"Robert Costa, a Noted Political Reporter, Is Joining CBS News",2022-01-20T13:45:56+0000,https://www.nytimes.com/2022/01/20/business/media/robert-costa-cbs.html,560,Business,The New York Times
The First A.P. African American Studies Class Is Coming This Fall,2022-08-31T14:57:41+0000,https://www.nytimes.com/2022/08/31/us/ap-african-american-studies.html,1150,National,The New York Times
Review: Igor Levit Takes on a Shostakovich Kaleidoscope,2022-10-19T16:19:16+0000,https://www.nytimes.com/2022/10/19/arts/music/igor-levit-carnegie-hall-review.html,684,Culture,The New York Times
"Dancing at Paul Taylor, a New Generation Finds Its Footing",2022-11-04T22:54:21+0000,https://www.nytimes.com/2022/11/04/arts/dance/paul-taylor-new-era-season.html,1233,Culture,The New York Times
"Trump Media adds former Devin Nunes aides, Donald Jr. and ‘Apprentice’ contestant as officers.",2022-04-25T17:03:36+0000,https://www.nytimes.com/2022/04/25/business/trump-media-truth-social.html,346,Business,The New York Times
Watch Brands Are Having a Great Year. So Why Is Everyone Nervous?,2022-09-07T09:12:06+0000,https://www.nytimes.com/2022/09/07/fashion/watches-outlook-2023.html,1424,SpecialSections,International New York Times
"Measles cases are surging because the pandemic disrupted childhood vaccinations, global agencies say.",2022-04-28T17:27:23+0000,https://www.nytimes.com/2022/04/28/world/measles-cases-are-surging-because-the-pandemic-disrupted-childhood-vaccinations-global-agencies-say.html,592,Foreign,The New York Times
Stream These Three Great Documentaries,2022-11-30T14:37:33+0000,https://www.nytimes.com/2022/11/30/movies/documentaries-streaming.html,1010,Culture,The New York Times
"A ‘Stunning’ 1,300-Year-Old Gold Necklace Is Unearthed in England",2022-12-08T12:11:56+0000,https://www.nytimes.com/2022/12/08/world/europe/medieval-necklace-burial-harpole-treasure.html,744,Express,The New York Times
Late Night Reacts to Cassidy Hutchinson’s Damning Trump Testimony,2022-06-29T05:59:40+0000,https://www.nytimes.com/2022/06/29/arts/television/late-night-trump-testimony.html,786,Culture,The New York Times
Hotels With Net-Zero Ambitions,2022-04-26T09:00:23+0000,https://www.nytimes.com/2022/04/26/travel/hotels-sustainability-net-zero.html,1390,Travel,The New York Times
How a TV Series Undersells the Danger of the Sex Pistols,2022-06-17T16:52:46+0000,https://www.nytimes.com/2022/06/17/arts/television/sex-pistols-punk-politics.html,1407,Arts&Leisure,The New York Times
Why So Many Iranian Immigrants Live in California,2022-10-06T12:40:28+0000,https://www.nytimes.com/2022/10/06/us/iranian-immigrants-california.html,1452,National,The New York Times
Climate Bill ‘Transformative’ for Auto and Energy Industries,2022-07-29T15:11:07+0000,https://www.nytimes.com/2022/07/29/business/energy-environment/climate-bill-electric-cars-energy.html,1612,Business,The New York Times
"Pencil, chalk and first-aid kits: Ukrainian children return to school in the midst of war.",2022-09-01T06:00:27+0000,https://www.nytimes.com/2022/09/01/world/europe/pencil-chalk-and-first-aid-kits-ukrainian-children-return-to-school-in-the-midst-of-war.html,528,Foreign,The New York Times
"With Jeter and the Marlins, an Awkward Marriage Ends in Divorce",2022-02-28T17:30:56+0000,https://www.nytimes.com/2022/02/28/sports/baseball/derek-jeter-marlins.html,1078,Sports,The New York Times
Was This a Meet-Cute or Meet Creep?,2022-08-12T04:00:07+0000,https://www.nytimes.com/2022/08/12/style/modern-love-meet-cute-living-in-library-basement.html,1555,Styles,The New York Times
Endless Summer Fridays,2022-04-01T16:27:30+0000,https://www.nytimes.com/2022/04/01/style/four-day-workweek-friday.html,1144,Styles,The New York Times
"10 Years Later, a State Trooper Who Responded to Sandy Hook Looks Back",2022-12-14T08:00:10+0000,https://www.nytimes.com/2022/12/14/us/politics/sandy-hook-anniversary.html,1498,Washington,The New York Times
Nadler Routs Maloney in Marquee Showdown of Bruising New York Primaries,2022-08-24T02:44:09+0000,https://www.nytimes.com/2022/08/23/nyregion/new-york-primary-nadler.html,1583,Metro,The New York Times
"Accused of Cheating by an Algorithm, and a Professor She Had Never Met",2022-05-27T07:00:11+0000,https://www.nytimes.com/2022/05/27/technology/college-students-cheating-software-honorlock.html,1857,Business,The New York Times
Kojin Karatani Wins $1 Million Berggruen Prize,2022-12-08T12:00:07+0000,https://www.nytimes.com/2022/12/08/arts/kojin-karatani-berggruen-prize.html,712,Culture,The New York Times
High Death Rate in Hong Kong Shows Importance of Vaccinating the Elderly,2022-03-21T21:16:53+0000,https://www.nytimes.com/2022/03/21/health/covid-hong-kong-deaths.html,1448,Science,The New York Times
"Rejecting ‘Love Letters’ to North Korea, Biden Offers Carrots and Sticks Instead",2022-05-21T10:17:49+0000,https://www.nytimes.com/2022/05/21/world/asia/biden-south-korea-yoon.html,1611,Foreign,The New York Times
"Haboob? Derecho? By Any Name, Plains Dust Storm Was Strong.",2022-05-13T20:50:26+0000,https://www.nytimes.com/2022/05/13/us/haboob-dust-storm-upper-plains.html,650,Express,The New York Times
Fashion’s Favorite London Canteen,2022-02-18T08:00:09+0000,https://www.nytimes.com/2022/02/18/style/max-rocha-cafe-cecilia.html,974,Styles,The New York Times
Putin Calls Ukrainian Statehood a Fiction. History Suggests Otherwise.,2022-02-22T01:52:40+0000,https://www.nytimes.com/2022/02/21/world/europe/putin-ukraine.html,1260,Foreign,The New York Times
Your Tuesday Briefing: Russia Launches Assault in Eastern Ukraine,2022-04-18T21:04:25+0000,https://www.nytimes.com/2022/04/18/briefing/russia-offensive-china-economy.html,1253,NYTNow,The New York Times
"The War in Ukraine Will End, and That’s When We’ll See the True Tensions in Europe",2022-11-08T06:00:06+0000,https://www.nytimes.com/2022/11/08/opinion/europe-ukraine-eu.html,1132,OpEd,The New York Times
A Nigerian Doctor’s Fight for Equitable Access to Vaccines,2022-03-07T10:00:14+0000,https://www.nytimes.com/2022/03/07/health/ayoade-alakija-covid-vaccines.html,1025,SpecialSections,International New York Times
I Cooked 20 Thanksgiving Stuffings to Create the Ultimate Recipe,2022-11-15T16:15:50+0000,https://www.nytimes.com/2022/11/15/dining/best-thanksgiving-stuffing-recipe.html,997,Dining,The New York Times
"Richard Howard, Acclaimed Poet and Translator, Is Dead at 92",2022-03-31T22:00:17+0000,https://www.nytimes.com/2022/03/31/books/richard-howard-dead.html,1270,Obits,The New York Times
English Is Messy. Do I Have to Spell It Out?,2022-07-26T20:00:41+0000,https://www.nytimes.com/2022/07/26/opinion/english-spelling.html,1297,OpEd,The New York Times
"Black Star’s First Album in 24 Years Arrives, and 11 More New Songs",2022-05-06T15:50:08+0000,https://www.nytimes.com/2022/05/06/arts/music/playlist-black-star-lady-gaga-doja-cat.html,1260,Culture,The New York Times
‘The Whale’ Review: Body Issues,2022-12-07T23:34:27+0000,https://www.nytimes.com/2022/12/07/movies/the-whale-review.html,741,Weekend,The New York Times
Your Friday Briefing: Boris Johnson Plans to Resign,2022-07-07T20:47:55+0000,https://www.nytimes.com/2022/07/07/briefing/boris-johnson-resign-brittney-griner.html,1297,NYTNow,The New York Times
M.R.I.s Are Finding Connections Between Our Brain Activity and Psychology,2022-04-19T09:00:18+0000,https://www.nytimes.com/2022/04/19/magazine/mri-brain-activity-psychology.html,1302,Magazine,The New York Times
"To Edward Enninful, Fashion is ‘Borderless’",2022-08-29T09:00:16+0000,https://www.nytimes.com/2022/08/29/books/review/edward-enninful-a-visible-man.html,1105,BookReview,The New York Times
Russia Will Remake Itself. But It Has to Crumble First.,2022-03-20T10:00:06+0000,https://www.nytimes.com/2022/03/20/opinion/russia-ukraine-soviet-union.html,1159,OpEd,The New York Times
Your Wednesday Briefing: More Aid to Ukraine,2022-05-31T20:40:14+0000,https://www.nytimes.com/2022/05/31/briefing/eu-ukraine-aid-grain-asia.html,1151,NYTNow,The New York Times
Bob Dylan Breaks Down 66 Classic Tunes in His New Book,2022-11-07T10:00:22+0000,https://www.nytimes.com/2022/11/07/books/bob-dylan-philosophy-of-modern-song.html,1119,Culture,The New York Times
Call Logs Underscore Trump’s Efforts to Sway Lawmakers on Jan. 6,2022-03-30T00:06:03+0000,https://www.nytimes.com/2022/03/29/us/politics/trump-jan-6-call-logs.html,1198,Washington,The New York Times
Poll workers in suburban Atlanta were removed after being linked to the Jan. 6 attack on the Capitol.,2022-11-08T22:46:18+0000,https://www.nytimes.com/2022/11/08/us/politics/atlanta-poll-workers-jan-6.html,374,National,The New York Times
The Tiny Dancers Who Make ‘The Nutcracker’ Sparkle,2022-11-24T13:00:13+0000,https://www.nytimes.com/2022/11/24/arts/dance/the-nutcracker-young-performers.html,917,Weekend,The New York Times
Mudslinging at Balenciaga,2022-10-03T10:02:14+0000,https://www.nytimes.com/2022/10/03/style/balenciaga-valentino-paris-fashion-week.html,1102,Styles,The New York Times
Former British Ambassador Is Arrested in Myanmar,2022-08-25T11:22:55+0000,https://www.nytimes.com/2022/08/25/world/asia/myanmar-british-ambassador-arrested.html,693,Foreign,The New York Times
"As the royals emerge on the Buckingham Palace balcony, it’s the ultimate photo op.",2022-06-02T12:15:43+0000,https://www.nytimes.com/2022/06/02/world/europe/jubilee-balcony-outfits.html,493,Foreign,The New York Times
Nigeria Floods Kill Hundreds and Displace Over a Million,2022-10-17T18:30:03+0000,https://www.nytimes.com/2022/10/17/world/africa/nigeria-floods.html,620,Foreign,The New York Times
Biden’s Curious Talking Point: Lower Deficits Offer Inflation Relief,2022-05-20T09:00:29+0000,https://www.nytimes.com/2022/05/20/business/economy/biden-deficits-inflation.html,1486,Business,The New York Times
Justice Dept. and Trump Legal Team Clash Over Special Master Candidates,2022-09-10T02:09:38+0000,https://www.nytimes.com/2022/09/09/us/doj-trump-special-master-mar-a-lago.html,982,Washington,The New York Times
"As Covid Cases Rise Again, No Clear Guidance From the Top",2022-07-22T08:46:18+0000,https://www.nytimes.com/2022/07/22/world/australia/as-covid-cases-rise-again-no-clear-guidance-from-the-top.html,941,Foreign,The New York Times
Taylor Fritz and Iga Swiatek Break Through at Indian Wells,2022-03-21T13:53:46+0000,https://www.nytimes.com/2022/03/21/sports/tennis/indian-wells-finals.html,1344,Sports,The New York Times
"Corrections: June 29, 2022",2022-06-29T06:31:08+0000,https://www.nytimes.com/2022/06/29/pageoneplus/corrections-june-29-2022.html,333,Corrections,The New York Times
No Staff. No Supply. No Rain: Some Cities Call Off July 4 Fireworks.,2022-06-30T10:15:08+0000,https://www.nytimes.com/2022/06/25/us/july-4-fireworks-canceled.html,1010,Express,The New York Times
Why Polling on Gun Control Gets It Wrong,2022-06-07T10:00:06+0000,https://www.nytimes.com/2022/06/07/podcasts/the-daily/gun-control-polling.html,273,Podcasts,The New York Times
"France, Hoping to Weather Energy Crisis, Will Renationalize Electricity Giant",2022-07-06T20:23:44+0000,https://www.nytimes.com/2022/07/06/world/europe/france-edf-renationalization.html,1229,Foreign,The New York Times
History Haunts Ukraine’s Undiplomatic Voice in Berlin,2022-07-13T04:01:12+0000,https://www.nytimes.com/2022/07/13/world/europe/ukraine-germany-ambassador-melnyk.html,1415,Foreign,The New York Times
Billy McFarland Is Out of Jail and Ready for His Next Move,2022-09-10T18:38:08+0000,https://www.nytimes.com/2022/09/10/fashion/billy-mcfarland-release.html,2431,Styles,The New York Times
‘Glass Onion: A Knives Out Mystery’ Review: Another Clue for You All,2022-11-21T21:45:25+0000,https://www.nytimes.com/2022/11/21/movies/glass-onion-a-knives-out-mystery-review.html,814,Culture,The New York Times
Labor Agency Seeks Broad Order Against Starbucks in Federal Court,2022-06-22T17:14:54+0000,https://www.nytimes.com/2022/06/22/business/economy/starbucks-labor-board.html,548,Business,The New York Times
"Another Firing Among Google’s A.I. Brain Trust, and More Discord",2022-05-02T09:00:17+0000,https://www.nytimes.com/2022/05/02/technology/google-fires-ai-researchers.html,1336,Business,The New York Times
"Ambitions and Emotions Run Hot in ‘The Founders,’ a History of PayPal",2022-02-20T10:00:04+0000,https://www.nytimes.com/2022/02/20/books/review-founders-paypal-jimmy-soni.html,1043,Culture,The New York Times
The Disarray of the WTA,2022-10-29T09:02:31+0000,https://www.nytimes.com/2022/10/29/sports/tennis/wta-2022-women.html,1374,SpecialSections,International New York Times
What to Expect at This Year’s Crucial Climate Summit,2022-11-03T13:37:13+0000,https://www.nytimes.com/2022/11/03/insider/what-to-expect-at-this-years-crucial-climate-summit.html,348,Insider,The New York Times
Finland bars Russians from entering as tourists.,2022-09-29T11:21:13+0000,https://www.nytimes.com/2022/09/29/world/europe/finland-border-russia.html,385,Foreign,The New York Times
"Truss Defied the Markets, and They Ruthlessly Sealed Her Fate",2022-10-20T17:33:25+0000,https://www.nytimes.com/2022/10/20/world/europe/liz-truss-britain-resigns.html,1071,Foreign,The New York Times
"Artistically in Sync, and Reunited for ‘The Merchant of Venice’",2022-02-03T15:00:10+0000,https://www.nytimes.com/2022/02/03/theater/john-douglas-thompson-arin-arbus-merchant-of-venice.html,1522,Arts&Leisure,The New York Times
How a Broadway Stage Manager Spends Her Sundays,2022-12-31T10:00:20+0000,https://www.nytimes.com/2022/12/31/nyregion/almost-famous-broadway-stage-manager.html,1259,Metropolitan,The New York Times
‘A Last Act of Intimate Kindness’,2022-08-19T04:00:10+0000,https://www.nytimes.com/2022/08/19/style/modern-love-cancer-last-act-of-intimate-kindness.html,1533,Styles,The New York Times
"In North Africa, Ukraine War Strains Economies Weakened by Pandemic",2022-02-25T19:22:55+0000,https://www.nytimes.com/2022/02/25/world/middleeast/in-north-africa-ukraine-war-strains-economies-weakened-by-pandemic.html,1389,Foreign,The New York Times
"At a School for the Deaf, Signs of Change Are Clear",2022-03-15T09:00:06+0000,https://www.nytimes.com/2022/03/15/books/review/true-biz-sara-novic.html,917,BookReview,The New York Times
State attorneys general ask Snap and TikTok to give parents more control over apps.,2022-03-29T22:25:56+0000,https://www.nytimes.com/2022/03/29/technology/snapchat-tiktok-parental-control.html,392,Business,The New York Times
Lyft Unveils Self-Driving Car Service in Las Vegas (With Caveats),2022-08-16T13:01:06+0000,https://www.nytimes.com/2022/08/16/technology/lyft-self-driving-cars-las-vegas.html,498,Business,The New York Times
Nuclear inspectors are in Ukraine for a high-stakes visit to the Zaporizhzhia plant.,2022-08-30T11:52:07+0000,https://www.nytimes.com/2022/08/30/world/europe/zaporizhzhia-nuclear-power-plant-iaea.html,473,Foreign,The New York Times
Russian influencers are cutting up their Chanel bags in protest of the company’s wartime policies.,2022-04-10T14:20:28+0000,https://www.nytimes.com/2022/04/10/world/europe/chanel-russian-influencers-ukraine.html,530,Foreign,The New York Times
AT&T and Verizon Delay 5G Service Near Some Airports,2022-01-18T17:42:05+0000,https://www.nytimes.com/2022/01/18/business/att-verizon-5g-airlines.html,1327,Business,The New York Times
The New York Times Is Reimagining Sunday Review,2022-07-16T15:00:06+0000,https://www.nytimes.com/2022/07/16/opinion/sunday-review-redesign.html,859,OpEd,The New York Times
Quotation of the Day: Russia Unleashes a Deadly Barrage Against Civilians,2022-10-11T05:32:28+0000,https://www.nytimes.com/2022/10/11/todayspaper/quotation-of-the-day-russia-unleashes-a-deadly-barrage-against-civilians.html,47,Summary,The New York Times
Dog Helps Rescue Owner Who Fell 70 Feet in California Forest,2022-07-19T13:28:19+0000,https://www.nytimes.com/2022/07/19/us/dog-saves-owner-tahoe-california.html,549,Express,The New York Times
"On Twitter, Who Needs a Check Mark When You Can Have a Rat?",2022-11-04T21:54:51+0000,https://www.nytimes.com/2022/11/04/style/twitter-verification-rat-emoji.html,1384,Styles,The New York Times
Violence Spreads Through Peru in Days After Its President’s Ouster,2022-12-13T16:31:11+0000,https://www.nytimes.com/2022/12/13/world/americas/peru-unrest-president-pedro-castillo.html,1432,Foreign,The New York Times
A Pendant That Channels Flower Power and ‘Mamma Mia!’,2022-10-11T13:00:09+0000,https://www.nytimes.com/2022/10/11/t-magazine/chopard-peace-sign-pendant.html,196,TStyle,The New York Times
Texas Court Halts Execution of Mother Convicted of Killing Child,2022-04-25T18:39:55+0000,https://www.nytimes.com/2022/04/25/us/melissa-lucio-execution-texas.html,650,National,The New York Times
"A Record Virus Surge in the Philippines, but Doctors Are Hopeful",2022-01-17T09:23:05+0000,https://www.nytimes.com/2022/01/17/world/asia/philippines-covid-surge-omicron.html,1220,Foreign,The New York Times
They Wanted to Write the History of Modern China. But How?,2022-01-18T20:00:03+0000,https://www.nytimes.com/2022/01/18/books/review/kingdom-of-characters-jing-tsu.html,1212,BookReview,The New York Times
Was Norman Mailer Canceled? His Publishers Say No.,2022-01-05T00:20:56+0000,https://www.nytimes.com/2022/01/04/books/norman-mailer-random-house-skyhorse.html,993,Culture,The New York Times
Recession: What Does It Mean?,2022-07-26T18:01:06+0000,https://www.nytimes.com/2022/07/26/opinion/recession-gdp-economy-nber.html,1027,Editorial,The New York Times
"To Save Whales, Don’t Eat Lobster, Watchdog Group Says",2022-09-13T18:54:58+0000,https://www.nytimes.com/2022/09/13/science/lobsters-right-whales-maine.html,1306,Science,The New York Times
The Bottom Line on Banks,2022-11-11T18:22:51+0000,https://www.nytimes.com/2022/11/11/climate/finance-fossil-fuels-climate-change.html,1208,Climate,The New York Times
"One Year Later, Congress Weighs How to Memorialize Jan. 6 at the Capitol",2022-01-06T10:00:11+0000,https://www.nytimes.com/2022/01/06/us/politics/jan-6-capitol-memorial.html,1292,Washington,The New York Times
How Gorbachev’s ‘perestroika’ vanished.,2022-08-31T01:35:04+0000,https://www.nytimes.com/2022/08/30/world/europe/gorbachev-perestroika.html,579,Foreign,The New York Times
U.S. Says Russians Discussed Tactical Nukes,2022-11-02T20:42:30+0000,https://www.nytimes.com/2022/11/02/briefing/russia-ukraine-war-us-nuclear.html,922,NYTNow,The New York Times
Diary of a Spelling Bee Fanatic,2022-04-16T13:00:04+0000,https://www.nytimes.com/2022/04/16/crosswords/spelling-bee-diary-0411.html,1590,Games,The New York Times
What Makes For a Healthy Democracy?,2022-05-24T18:21:41+0000,https://www.nytimes.com/2022/05/24/reader-center/what-makes-for-a-healthy-democracy.html,299,Politics,The New York Times
"Summer Reading Contest, Week 8: What Got Your Attention in The Times This Week?",2022-07-29T13:00:48+0000,https://www.nytimes.com/2022/07/29/learning/summer-reading-contest-week-8-what-got-your-attention-in-the-times-this-week.html,1262,Learning,The New York Times
"Lizzo’s Lyric Offended Fans. She Changed It, and They Forgave.",2022-06-14T14:21:30+0000,https://www.nytimes.com/2022/06/14/arts/music/lizzo-lyrics-grrrls.html,631,Culture,The New York Times
Stephen Colbert Explains How His ‘Late Show’ Staff Was Detained in Washington,2022-06-21T05:39:14+0000,https://www.nytimes.com/2022/06/21/arts/television/stephen-colbert-late-show-staff-capitol.html,500,Culture,The New York Times
"Left in the Dark After Hurricane Ian, Cuba Begins Restoring Power.",2022-09-28T19:46:00+0000,https://www.nytimes.com/2022/09/28/us/cuba-hurricane-ian-electricity.html,494,National,The New York Times
Covering a Disaster That Hasn’t Happened Yet,2022-08-25T07:00:09+0000,https://www.nytimes.com/2022/08/25/insider/coming-california-megastorm.html,811,Climate,The New York Times
Rightist Party in Sweden Gets No Formal Role but Big Say in Government,2022-10-17T20:02:12+0000,https://www.nytimes.com/2022/10/17/world/europe/sweden-democrats-government-immigration.html,706,Foreign,The New York Times
Darra Goldstein Illuminates ‘A Brief History of Russian Food’,2022-06-27T17:50:28+0000,https://www.nytimes.com/2022/06/27/dining/a-brief-history-of-russian-food.html,203,Dining,The New York Times
Disney Princess dolls are reunited with Barbie.,2022-01-26T17:51:36+0000,https://www.nytimes.com/2022/01/26/business/media/mattel-disney-princess-frozen.html,350,Business,The New York Times
Stephen Colbert Skewers Steve Bannon,2022-07-20T05:23:59+0000,https://www.nytimes.com/2022/07/20/arts/television/stephen-colbert-steve-bannon-hot-weather.html,376,Culture,The New York Times
The Horror and Happiness of Oliver Sim,2022-05-23T14:00:15+0000,https://www.nytimes.com/2022/05/23/arts/music/xx-oliver-sim-hideous-bastard.html,1436,Culture,The New York Times
"Kathryn Hays, Soap Star for Nearly 40 Years, Dies at 87",2022-04-18T21:31:32+0000,https://www.nytimes.com/2022/04/18/arts/television/kathryn-hays-dead.html,630,Obits,The New York Times
Democratic Candidates for Governor Bicker in Debate,2022-06-17T04:30:04+0000,https://www.nytimes.com/2022/06/17/nyregion/democratic-candidates-for-governor-bicker-in-debate.html,1524,Metro,The New York Times
"Evan Smith, the leader of The Texas Tribune, says he will step down.",2022-01-12T16:30:21+0000,https://www.nytimes.com/2022/01/12/business/media/evan-smith-texas-tribune.html,343,Business,The New York Times
Quotation of the Day: A Water Crisis Highlights a Nationwide Threat,2022-09-02T04:01:00+0000,https://www.nytimes.com/2022/09/02/todayspaper/quotation-of-the-day-a-water-crisis-highlights-a-nationwide-threat.html,50,Summary,The New York Times
Messi and Argentina Advance as Mexico Is Eliminated,2022-11-30T21:02:59+0000,https://www.nytimes.com/2022/11/30/sports/soccer/mexico-argentina-world-cup.html,994,Sports,The New York Times
Your Monday Briefing: Ukraine Agrees to Talks,2022-02-27T21:08:36+0000,https://www.nytimes.com/2022/02/27/briefing/ukraine-russia-talks.html,1310,NYTNow,The New York Times
Shopping for Fire Screens,2022-01-10T10:00:13+0000,https://www.nytimes.com/2022/01/10/realestate/fireplace-screens.html,364,RealEstate,The New York Times
China Tries to Keep Covid Out of Its Grueling College Entrance Exams,2022-06-07T10:40:55+0000,https://www.nytimes.com/2022/06/07/world/asia/china-college-entrance-exams-covid.html,324,Foreign,The New York Times
Two Florida Men Charged With Profiting Off Fake Prescriptions,2022-06-21T23:36:14+0000,https://www.nytimes.com/2022/06/21/us/fake-prescription-drug-scheme.html,661,Express,The New York Times
"For Older Americans, Some Positive Health News",2022-02-28T15:48:20+0000,https://www.nytimes.com/2022/02/28/health/elderly-medicare-medicaid.html,1193,Science,The New York Times
The East Hampton House Was Perfect. Except for One Thing.,2022-08-23T09:00:39+0000,https://www.nytimes.com/2022/08/23/realestate/the-east-hampton-house-was-perfect-except-for-one-thing.html,883,RealEstate,The New York Times
Harris Seeks Ally in Honduras as She Revisits Central America,2022-01-28T01:00:42+0000,https://www.nytimes.com/2022/01/27/world/americas/harris-honduras-migration.html,1160,Foreign,The New York Times
"Can Luke Combs, Country’s Everyman, Grow Up Without Losing Touch?",2022-06-15T14:00:07+0000,https://www.nytimes.com/2022/06/15/arts/music/luke-combs-growing-up.html,1955,Arts&Leisure,The New York Times
"In Standoff With Putin, Biden Makes Sure European Allies Are With Him",2022-01-28T05:00:14+0000,https://www.nytimes.com/2022/01/28/world/europe/biden-putin-ukraine-europe.html,1587,Foreign,The New York Times
"Reversing a Reversal, Miami School Board Accepts Sex Ed Books It Had Rejected",2022-07-29T00:42:11+0000,https://www.nytimes.com/2022/07/28/us/miami-dade-sex-ed-textbooks.html,388,Express,The New York Times
Man Arrested in Fatal Stabbing of 3 Women in Queens Home,2022-11-21T23:15:14+0000,https://www.nytimes.com/2022/11/21/nyregion/queens-stabbing-arrest.html,358,Metro,The New York Times
"A Neil Diamond Musical Is Coming to Broadway, After a Stop in Boston",2022-05-18T14:00:07+0000,https://www.nytimes.com/2022/05/18/theater/neil-diamond-musical-broadway.html,312,Culture,The New York Times
D.C. and Joyce — Both Incomprehensible,2022-02-12T15:18:37+0000,https://www.nytimes.com/2022/02/12/opinion/ulysses-joyce-trump.html,867,OpEd,The New York Times
A Two-Ingredient Sauce for Pork Chops,2022-03-25T17:00:07+0000,https://www.nytimes.com/2022/03/25/dining/weeknight-pork-chops.html,507,Dining,The New York Times
Former New York Police Officer Convicted in Freezing Death of Son,2022-11-04T23:48:01+0000,https://www.nytimes.com/2022/11/04/nyregion/nypd-officer-son-freezing-death-guilty.html,929,Metro,The New York Times
New Sneakers,2022-10-06T07:00:01+0000,https://www.nytimes.com/2022/10/06/learning/new-sneakers.html,117,Learning,The New York Times
"Streaming Took Over Hollywood. Will It Take Best Picture, Too?",2022-03-26T09:00:12+0000,https://www.nytimes.com/2022/03/26/business/media/academy-awards-streaming-services.html,1330,Business,The New York Times
Here are the latest developments in Ukraine.,2022-03-10T11:17:26+0000,https://www.nytimes.com/2022/03/10/world/europe/here-are-the-latest-developments-in-ukraine.html,482,Foreign,The New York Times
"Review: Learning ‘English,’ When Your Accent Is a ‘War Crime’",2022-02-23T03:00:06+0000,https://www.nytimes.com/2022/02/22/theater/english-review-sanaz-toossi.html,1105,Culture,The New York Times
How to Navigate Gifting Season While Keeping Your Cool,2022-11-09T10:00:15+0000,https://www.nytimes.com/2022/11/09/style/holiday-gift-advice-help.html,1482,Projects and Initiatives,The New York Times
"‘I Feel Really Hopeless’: In U.K., Millions See Non-Covid Health Care Delayed",2022-01-26T15:07:50+0000,https://www.nytimes.com/2022/01/26/world/europe/coronavirus-uk-nhs-backlog.html,1426,Foreign,The New York Times
Day 1: The Joy of Counting Down,2022-11-30T23:51:02+0000,https://www.nytimes.com/2022/11/30/style/day-1-the-joy-of-counting-down.html,523,Styles,The New York Times
"Review: Without a Note of Beethoven, an Orchestra Shines",2022-02-09T19:10:20+0000,https://www.nytimes.com/2022/02/09/arts/music/review-philadelphia-orchestra-carnegie-hall.html,723,Culture,The New York Times
China’s New Covid Chapter,2022-12-28T11:31:57+0000,https://www.nytimes.com/2022/12/28/world/china-covid-surge-hospitals.html,1244,NYTNow,The New York Times
Learning the Right Way to Struggle,2022-04-05T07:00:07+0000,https://www.nytimes.com/2022/04/05/science/education-learning-challenge.html,1256,Science,The New York Times
Transcript: Ezra Klein Show with Chloé Cooper Jones,2022-09-06T17:02:09+0000,https://www.nytimes.com/2022/09/06/podcasts/transcript-ezra-klein-show-chloe-cooper-jones.html,11451,OpEd,The New York Times
Extreme Weather Hits China With Massive Floods and Scorching Heat,2022-06-23T06:15:32+0000,https://www.nytimes.com/2022/06/23/world/asia/china-floods-heatwaves.html,541,Foreign,The New York Times
Midnight Oil Brings Australia Home,2022-04-01T06:56:18+0000,https://www.nytimes.com/2022/04/01/world/australia/midnight-oil-brings-australia-home.html,1225,Foreign,The New York Times
Cooling the Economy Without Crushing It,2022-07-25T12:50:24+0000,https://www.nytimes.com/2022/07/25/business/dealbook/fed-interest-rates.html,1797,Business,The New York Times
Variety: Acrostic,2022-10-07T02:02:02+0000,https://www.nytimes.com/2022/10/06/crosswords/variety-acrostic.html,510,Games,The New York Times
"Far From the Fighting, a Tennessee Deli Nurtures Its Ties to Ukraine",2022-06-03T15:35:43+0000,https://www.nytimes.com/2022/06/03/dining/potchke-knoxville-deli-ukraine.html,944,Dining,The New York Times
"Maryland lifts its statewide mask mandate for schools, effective immediately.",2022-02-25T21:00:51+0000,https://www.nytimes.com/2022/02/26/us/maryland-school-masks.html,440,National,The New York Times
"A Look Inside Rikers: ‘Fight Night’ and Gang Rule, Captured on Video",2022-01-13T00:14:03+0000,https://www.nytimes.com/2022/01/12/nyregion/rikers-jail-videos.html,1882,Metro,The New York Times
"Tens of Thousands in Iran Mourn Mahsa Amini, Whose Death Set Off Protests",2022-10-26T15:06:26+0000,https://www.nytimes.com/2022/10/26/world/middleeast/iran-protests-40-days.html,1112,Foreign,The New York Times
Jail Officer and Murder Suspect Missing After Heading to ‘Bogus’ Appointment,2022-04-30T17:41:13+0000,https://www.nytimes.com/2022/04/30/us/officer-inmate-missing-alabama.html,739,Express,The New York Times
Book Twitter Comes to Life,2022-04-01T18:53:32+0000,https://www.nytimes.com/2022/04/01/style/book-twitter-comes-to-life.html,500,Styles,The New York Times
"Elon Musk tells Twitter’s employees he wants the service to ‘contribute to a better, long-lasting civilization.’",2022-06-16T18:08:33+0000,https://www.nytimes.com/2022/06/16/technology/elon-musk-twitter-employees-meeting.html,1272,Business,The New York Times
You Just Can’t Tell the Truth About America Anymore,2022-02-18T10:00:18+0000,https://www.nytimes.com/2022/02/18/opinion/us-history-censorship.html,1012,OpEd,The New York Times
The White House threatens sanctions against Putin’s ‘inner circle’ if Russia invades Ukraine.,2022-01-31T22:07:53+0000,https://www.nytimes.com/2022/01/31/world/europe/putin-sanctions-list.html,435,Foreign,The New York Times
"In Hungary, Viktor Orban Remakes an Election to His Liking",2022-03-31T11:00:54+0000,https://www.nytimes.com/2022/03/31/world/europe/hungary-viktor-orban-election.html,1754,Foreign,The New York Times
The Secrets Ed Koch Carried,2022-05-07T13:00:23+0000,https://www.nytimes.com/2022/05/07/nyregion/ed-koch-gay-secrets.html,4737,Metro,The New York Times
Charlie Blackwell-Thompson is the first woman to serve as a NASA launch director.,2022-11-16T06:43:22+0000,https://www.nytimes.com/2022/11/16/science/charlie-blackwell-thompson-woman-direct-launch-first.html,525,Science,The New York Times
Transcript: Ezra Klein Interviews Felix Salmon,2022-04-29T16:55:00+0000,https://www.nytimes.com/2022/04/29/podcasts/transcript-ezra-klein-interviews-felix-salmon.html,10619,OpEd,The New York Times
The Outer Limits,2022-07-07T16:30:07+0000,https://www.nytimes.com/2022/07/07/books/review/shores-of-bohemia-john-taylor-williams.html,1159,BookReview,The New York Times
"Overlooked No More: Maureen Colquhoun, Pathbreaking Politician Waylaid by Bias",2022-06-03T19:10:20+0000,https://www.nytimes.com/2022/06/03/obituaries/maureen-colquhoun-overlooked.html,1279,Obits,The New York Times
The Formula Shortage Isn’t an Excuse to Be Cruel,2022-05-13T09:00:14+0000,https://www.nytimes.com/2022/05/13/opinion/baby-formula.html,1406,OpEd,The New York Times
Please Let Me Do More Laundry and Vacuuming!,2022-09-16T04:00:07+0000,https://www.nytimes.com/2022/09/16/style/modern-love-marriage-embracing-domestic-tasks-vision-loss.html,1525,Styles,The New York Times
Love Letter: When My Grandmother Stopped Eating,2022-10-21T17:15:33+0000,https://www.nytimes.com/2022/10/21/style/love-letter-newsletter-when-my-grandmother-stopped-eating.html,114,Styles,The New York Times
How to Live to 100,2022-03-24T07:00:11+0000,https://www.nytimes.com/2022/03/24/style/how-to-live-to-100.html,1574,Styles,The New York Times
NoViolet Bulawayo Believes Freedom Begins With Imagination,2022-03-02T16:38:27+0000,https://www.nytimes.com/2022/03/02/books/noviolet-bulawayo-glory.html,1330,Culture,The New York Times
Word of the Day: bona fide,2022-03-17T06:00:02+0000,https://www.nytimes.com/2022/03/17/learning/word-of-the-day-bona-fide.html,329,Learning,The New York Times
What’s on TV This Week: ‘RuPaul’s Drag Race’ and ‘Batman Forever’,2022-01-03T06:00:07+0000,https://www.nytimes.com/2022/01/03/arts/television/whats-on-tv-this-week-rupauls-drag-race.html,956,Culture,The New York Times
How One Senator Doomed the Democrats’ Climate Plan,2022-07-15T09:00:27+0000,https://www.nytimes.com/2022/07/15/climate/manchin-climate-change-democrats.html,2088,Climate,The New York Times
A Detroit Designer Works From Home,2022-06-25T09:00:35+0000,https://www.nytimes.com/2022/06/25/style/a-detroit-designer-works-from-home.html,1768,Styles,The New York Times
Martha Wainwright Tells a Few Stories She Might Regret,2022-05-12T07:00:12+0000,https://www.nytimes.com/2022/05/12/style/martha-wainwright-memoir.html,1707,Styles,The New York Times
"Kim Simmonds, a Key Figure in the British Blues Movement, Dies at 75",2022-12-20T21:54:58+0000,https://www.nytimes.com/2022/12/20/arts/music/kim-simmonds-dead.html,941,Obits,The New York Times
"In Israel, a Biblical Tongue Meets Gender Politics",2022-08-01T15:45:12+0000,https://www.nytimes.com/2022/08/01/world/middleeast/israel-hebrew-gender.html,1209,Foreign,The New York Times
In Search of Panama’s Elusive Spider Monkeys,2022-02-28T10:00:23+0000,https://www.nytimes.com/2022/02/28/travel/panama-azuero-spider-monkeys.html,1035,Travel,The New York Times
What Is Georgia’s Political Future?,2022-03-22T09:00:08+0000,https://www.nytimes.com/2022/03/22/books/review/greg-bluestein-flipped-georgia.html,951,BookReview,The New York Times
Doom Watching ‘Euphoria’,2022-02-21T13:34:35+0000,https://www.nytimes.com/2022/02/21/style/euphoria-series-doom-watching.html,1166,Styles,The New York Times
Serena Williams Willed Her Way to a Glorious Goodbye,2022-09-03T09:00:20+0000,https://www.nytimes.com/2022/09/03/sports/tennis/serena-venus-williams-us-open.html,1456,Sports,The New York Times
A French nuclear crisis frustrates Europe’s push to quit Russian energy.,2022-06-19T05:03:18+0000,https://www.nytimes.com/2022/06/19/business/a-french-nuclear-crisis-frustrates-europes-push-to-quit-russian-energy.html,270,Business,The New York Times
‘We Retreated to a Nearby Shop to Discuss Our Options Over Coffee’,2022-02-13T08:00:07+0000,https://www.nytimes.com/2022/02/13/nyregion/metropolitan-diary.html,811,Metropolitan,The New York Times
"Unilever Sells Ben & Jerry’s Business in Israel, Defusing Dispute",2022-06-29T21:06:03+0000,https://www.nytimes.com/2022/06/29/world/middleeast/unilver-ben-and-jerrys-israel.html,711,Foreign,The New York Times
Who Will Finish the Year at No. 1?,2022-10-28T09:00:15+0000,https://www.nytimes.com/2022/10/28/sports/tennis/novak-djokovic-mens-ranking.html,1241,SpecialSections,International New York Times
This Country’s Top Judges Were All Foreigners. Now They’re Gone.,2022-11-26T18:34:35+0000,https://www.nytimes.com/2022/11/26/world/asia/foreign-judges-kiribati-pacific.html,1252,Foreign,The New York Times
"If America Needs Starter Homes, Why Are Perfectly Good Ones Being Torn Down?",2022-10-09T12:00:04+0000,https://www.nytimes.com/2022/10/09/upshot/housing-home-prices-analysis.html,742,Upshot,The New York Times
Interlocking Puzzle,2022-08-16T02:00:04+0000,https://www.nytimes.com/2022/08/15/crosswords/daily-puzzle-2022-08-16.html,1103,Games,The New York Times
"Nakedness Is Everywhere in Fashion, Even the Heel of a Shoe",2022-07-06T20:29:48+0000,https://www.nytimes.com/2022/07/06/style/alaia-shoe-pieter-mulier-paris.html,370,Styles,The New York Times
"After Decades of Searching, 1898 Film of New Orleans Mardi Gras Is Found",2022-06-23T12:16:17+0000,https://www.nytimes.com/2022/06/23/arts/new-orleans-mardi-gras-film.html,970,Express,The New York Times
Will Trump Face a Legal Reckoning in Georgia?,2022-05-02T09:00:11+0000,https://www.nytimes.com/2022/05/02/opinion/trump-georgia-fulton-county.html,1096,OpEd,The New York Times
What Happens to People Who Support a Corrupt Government?,2022-10-16T09:00:08+0000,https://www.nytimes.com/2022/10/16/books/review/poster-girl-veronica-roth-group-text.html,931,BookReview,The New York Times
Chess is Booming,2022-06-17T17:20:08+0000,https://www.nytimes.com/2022/06/17/crosswords/chess/chess-is-booming.html,966,Games,The New York Times
Wordle Finally Has an Editor,2022-11-07T14:00:06+0000,https://www.nytimes.com/2022/11/07/crosswords/wordle-editor.html,342,Games,The New York Times
Rick Rubin Wants You to Read Sherlock Holmes Before You’re 21,2022-12-29T10:00:20+0000,https://www.nytimes.com/2022/12/29/books/review/rick-rubin-by-the-book-interview.html,802,BookReview,The New York Times
"Dressing Simply, but Well. It’s Not So Simple.",2022-06-22T09:00:42+0000,https://www.nytimes.com/2022/06/22/style/milan-fashion-week-mens-armani-cucinelli.html,1376,Styles,The New York Times
Man Who Patted Giuliani’s Back Is Set to Have Assault Charge Dismissed,2022-09-22T22:37:38+0000,https://www.nytimes.com/2022/09/22/nyregion/rudy-giuliani-supermarket-attack-charges.html,683,Metro,The New York Times
"In a Twist, Old Coal Plants Help Deliver Renewable Power. Here’s How.",2022-07-15T09:00:34+0000,https://www.nytimes.com/2022/07/15/climate/coal-plants-renewable-energy.html,1395,Climate,The New York Times
The White House is making a point of staying quiet about the F.B.I. search of Mar-a-Lago.,2022-08-12T16:30:41+0000,https://www.nytimes.com/2022/08/12/us/politics/biden-trump-fbi-search.html,438,Washington,The New York Times
Drawn and Caricatured: French Cartoonists on the Campaign Trail,2022-04-19T15:13:56+0000,https://www.nytimes.com/2022/04/19/world/europe/france-cartoons-presidential-election.html,1038,Foreign,The New York Times
Christie’s to Sell a Dinosaur That Inspired the ‘Jurassic Park’ Raptor,2022-04-29T17:01:57+0000,https://www.nytimes.com/2022/04/29/arts/design/jurassic-park-velociraptor-auction.html,830,Culture,The New York Times
Let Kids Take Their Masks Off After the Omicron Surge,2022-01-28T10:00:18+0000,https://www.nytimes.com/2022/01/28/opinion/masks-covid-children.html,1005,OpEd,The New York Times
Love Letter: Our Brilliant $100 Bet,2022-07-01T19:11:23+0000,https://www.nytimes.com/2022/07/01/style/love-letter-newsletter-our-brilliant-100-bet.html,135,Styles,The New York Times
Mounting Flight Delays. Stranded Fliers. Airlines Struggle With Surging July 4 Demand.,2022-07-03T23:23:59+0000,https://www.nytimes.com/2022/07/03/business/july-4-weekend-air-travel.html,593,Business,The New York Times
Republican Wins Special House Election in Rural New York,2022-08-24T04:01:51+0000,https://www.nytimes.com/2022/08/24/nyregion/joe-sempolinski-gop-23rd-district.html,356,Metro,The New York Times
‘Paradise Highway’ Review: A Test of Loyalty,2022-07-28T11:00:06+0000,https://www.nytimes.com/2022/07/28/movies/paradise-highway-review.html,294,Weekend,The New York Times
Contractor at Center of Navy Bribery Scandal Is Captured in Venezuela,2022-09-22T16:49:23+0000,https://www.nytimes.com/2022/09/22/us/fat-leonard-captured-venezuela.html,667,Express,The New York Times
How Can a Historic Garden Adapt to Climate Change?,2022-11-04T09:00:46+0000,https://www.nytimes.com/2022/11/04/t-magazine/oxburgh-hall-historic-gardens-climate-change.html,827,TStyle,The New York Times
Democrats Dodge 3rd-Party Challenge in N.Y.C. House Race,2022-09-07T01:18:03+0000,https://www.nytimes.com/2022/09/06/nyregion/yuh-line-niou-goldman.html,834,Metro,The New York Times
"In a ‘Sea Change,’ Women of the Philharmonic Now Outnumber the Men",2022-11-22T08:00:10+0000,https://www.nytimes.com/2022/11/22/arts/music/women-new-york-philharmonic.html,1402,Culture,The New York Times
PG&E agrees to pay $55 million in penalties and costs over two wildfires.,2022-04-11T21:08:27+0000,https://www.nytimes.com/2022/04/11/business/energy-environment/pge-wildfire-settlement.html,508,Business,The New York Times
The Art of Kimjang,2022-08-24T15:00:02+0000,https://www.nytimes.com/2022/08/24/dining/the-art-of-kimjang.html,582,Dining,The New York Times
The Cowboy and the Queen,2022-09-12T15:16:34+0000,https://www.nytimes.com/2022/09/12/world/europe/monty-roberts-queen.html,851,Express,The New York Times
"One Year In, Biden’s Health Secretary Seeks a Reboot",2022-03-19T07:00:08+0000,https://www.nytimes.com/2022/03/19/us/politics/becerra-health-pandemic-biden.html,1661,Washington,The New York Times
"New York is dropping its indoor mask mandate, joining other blue states in easing Covid rules.",2022-02-09T10:01:41+0000,https://www.nytimes.com/2022/02/09/world/new-york-is-set-to-drop-its-indoor-mask-mandate-joining-other-blue-states-in-easing-covid-rules.html,172,Politics,The New York Times
"Nations Must Increase Funding to Cope With Climate Shocks, U.N. Warns",2022-11-03T10:01:05+0000,https://www.nytimes.com/2022/11/03/climate/united-nations-funding-climate-adaptation.html,701,Climate,The New York Times
Abdulrazak Gurnah Refuses to Be Boxed In: ‘I Represent Me’,2022-08-21T09:00:13+0000,https://www.nytimes.com/2022/08/21/books/abdulrazak-gurnah-nobel-book.html,1597,Culture,The New York Times
Shopping for Runners,2022-09-05T09:00:26+0000,https://www.nytimes.com/2022/09/05/realestate/shopping-for-runners.html,344,RealEstate,The New York Times
‘Oppressive’ Heat to Spike in the Northeast,2022-08-04T09:00:12+0000,https://www.nytimes.com/2022/08/04/us/heat-northeast-weather-forecast.html,525,National,The New York Times
Biden Pledges to Defend Taiwan if It Faces a Chinese Attack,2022-05-23T06:37:07+0000,https://www.nytimes.com/2022/05/23/world/asia/biden-taiwan-china.html,1341,Foreign,The New York Times
How Much Does That Oligarch’s Yacht Actually Cost?,2022-09-02T09:00:29+0000,https://www.nytimes.com/2022/09/02/style/how-much-does-that-oligarchs-yacht-actually-cost.html,2007,Styles,The New York Times
"The 1975’s Matty Healy Is Still Trying to Be Funny, Sincerely",2022-09-08T11:00:13+0000,https://www.nytimes.com/2022/09/08/arts/music/1975-matty-healy-being-funny-in-a-foreign-language.html,2183,Arts&Leisure,The New York Times
A Broadway Couple Says ‘I Do’ to Great Applause,2022-01-28T05:00:12+0000,https://www.nytimes.com/2022/01/28/style/bryan-clark-devario-simmons-wedding.html,1623,Styles,The New York Times
Alan Cumming Uses Dance to Get at the Truth of Robert Burns,2022-09-14T14:33:18+0000,https://www.nytimes.com/2022/09/14/arts/dance/alan-cumming-steven-hoggett-robert-burns.html,1523,Arts&Leisure,The New York Times
"TPG, a private equity firm, goes public in the year’s first big stock market debut.",2022-01-13T13:39:44+0000,https://www.nytimes.com/2022/01/13/business/tpg-ipo.html,390,Business,The New York Times
The Morning: Why we travel,2022-02-05T12:49:03+0000,https://www.nytimes.com/2022/02/05/briefing/covid-travel-weekend-culture.html,1502,NYTNow,The New York Times
Review: How Deep Is Your Love? A Ratmansky Ballet Dives In,2022-06-21T16:19:31+0000,https://www.nytimes.com/2022/06/21/arts/dance/review-ratmansky-of-love-and-rage.html,1151,Culture,The New York Times
Are Updated Booster Shots Coming?,2022-06-27T21:00:05+0000,https://www.nytimes.com/2022/06/27/briefing/booster-fda-omicron-coronavirus.html,1049,NYTNow,The New York Times
Biaggi Seeks to Block Sean Patrick Maloney’s Chosen Path to Re-election,2022-05-23T21:55:18+0000,https://www.nytimes.com/2022/05/23/nyregion/biaggi-sean-patrick-maloney.html,1158,Metro,The New York Times
‘Putin Will Not Lose. He’s Not Going to Let That Happen.’,2022-03-07T10:00:11+0000,https://www.nytimes.com/2022/03/07/opinion/sway-kara-swisher-clint-watts.html,319,OpEd,The New York Times
"John Korty, Director of ‘Miss Jane Pittman,’ Is Dead at 85",2022-03-24T13:52:41+0000,https://www.nytimes.com/2022/03/24/arts/television/john-korty-dead.html,1114,Obits,The New York Times
"Naomi Judd, of Grammy-Winning the Judds, Dies at 76",2022-04-30T21:52:11+0000,https://www.nytimes.com/2022/04/30/arts/music/naomi-judd-dead.html,1279,Obits,The New York Times
NASA Is Returning to the Moon This Week. Why Do We Feel Conflicted?,2022-11-14T10:00:10+0000,https://www.nytimes.com/2022/11/14/opinion/nasa-moon-artemis.html,2750,OpEd,The New York Times
"Hamish Kilgour, Whose New Zealand Cult Band Had Reach, Dies at 65",2022-12-09T20:36:51+0000,https://www.nytimes.com/2022/12/09/arts/music/hamish-kilgour-dead.html,1010,Obits,The New York Times
Grief Stole My Love of Reading. Here’s How I Got It Back.,2022-02-20T16:15:04+0000,https://www.nytimes.com/2022/02/20/opinion/reading-grief.html,1378,OpEd,The New York Times
"Does Abe Shooting Reflect Success of Japan’s Gun Laws, Not Failure?",2022-07-09T09:00:19+0000,https://www.nytimes.com/2022/07/09/world/asia/abe-assassination-japan-gun-laws.html,1339,Foreign,The New York Times
New York’s Hottest Club Is the Catholic Church,2022-08-09T09:00:09+0000,https://www.nytimes.com/2022/08/09/opinion/nyc-catholicism-dimes-square-religion.html,1464,OpEd,The New York Times
‘A Chance Encounter’ Review: Bland Days In Taormina,2022-10-27T11:00:06+0000,https://www.nytimes.com/2022/10/27/movies/a-chance-encounter-review.html,317,Weekend,The New York Times
‘Dead Cities’ Become the Flashpoint for the Fierce War in the East,2022-06-09T20:42:32+0000,https://www.nytimes.com/2022/06/09/world/europe/ukraine-weapons-sievierodonetsk-lysychansk.html,1306,Foreign,The New York Times
Best and Worst Moments From the 2022 Grammys,2022-04-04T10:00:16+0000,https://www.nytimes.com/2022/04/04/arts/music/grammys-best-worst.html,2270,Culture,The New York Times
